<?xml version="1.0"?>
<menu>
    
    <dish title="Green salad with grilled sausage" price="39.00">
        <description>with fragrant sausage, Chinese cabbage, bell peppers, tomatoes, tender beans and mushrooms</description>
    </dish>
    
    <dish title="Salad with bacon and crouton"  price="38.00">
        <description>hearty salad with ham, cheese, tomatoes, Chinese cabbage, and toasted croutons in a piquant dressing</description>		
    </dish>
    
    <dish title="Chicken noodle soup"  price="40.00">
        <description>fragrant clear soup with chicken and noodles</description>			
    </dish>
    
    <dish title="Hunter's salad with the language" price="32.00">
        <description>beef tongue with two kinds of peppers, lettuce and sweet Crimean onion with a spicy sauce</description>			
    </dish>
    
    <dish title="Salad of pink shrimp"  price="48.00">
        <description>and calamari in a spicy garlic sauce, fresh cucumber, lettuce and juicy tomatoes Cherry</description>		
    </dish>

</menu>